"Model","Accuracy","Precision","Recall","F1","AUC"
"Logistic Regression",0.521746375604066,0.289344262295082,0.797439759036145,0.424619085805934,0.731106697279166
"Random Forest",0.726878853524413,0.426338228327807,0.677710843373494,0.523407967432393,0.773147989991208
"XGBoost",0.786368938510248,0.516039051603905,0.557228915662651,0.53584359160029,0.767187383172751
