"Model","Accuracy","Precision","Recall","F1","AUC"
"Logistic Regression",0.671388101983003,0.369212022745735,0.684487951807229,0.479683377308707,0.73411866490142
"Random Forest (Tuned)",0.776703882686219,0.496168582375479,0.585090361445783,0.536973047684865,0.770276940202496
"XGBoost (Tuned)",0.756873854357607,0.453447050461976,0.480421686746988,0.46654478976234,0.71697043899974
